{
    "0": [
        1.0,
        1.0
    ],
    "1": [
        1.0434393230880386,
        1.2209617350165196
    ],
    "2": [
        1.1246464114279666,
        0.946509037134927
    ],
    "3": [
        0.961268285303484,
        0.9060540501990157
    ],
    "4": [
        1.1233461444286745,
        0.981596618626664
    ],
    "5": [
        0.8581650664062868,
        0.9408668094384278
    ],
    "6": [
        1.0338258378507985,
        1.0562314398880284
    ],
    "7": [
        0.9438207150082849,
        0.9921890414902055
    ],
    "8": [
        1.0659619296200984,
        0.8487068306192522
    ],
    "9": [
        1.0955489914778915,
        0.9931540340261695
    ],
    "10": [
        0.93117645089974,
        1.056693095233916
    ],
    "11": [
        1.1390765620270669,
        0.9304888760898034
    ],
    "12": [
        1.0697347693725796,
        0.9606364431232806
    ],
    "13": [
        1.0832429062777644,
        0.7350146349750712
    ],
    "14": [
        0.9440450593067276,
        0.8066960461327934
    ],
    "15": [
        0.8497104814645371,
        0.8131228459081963
    ],
    "16": [
        0.9090955477686065,
        0.8809005313657907
    ],
    "17": [
        1.2370119446289212,
        0.9788989920004509
    ],
    "18": [
        0.9263607300960801,
        0.6949835216454823
    ],
    "19": [
        1.1548662607490623,
        1.0077651525788869
    ]
}