{
    "0": [
        0.0,
        0.0
    ],
    "1": [
        0.05,
        0.0
    ],
    "2": [
        0.10000000000000002,
        0.1
    ],
    "3": [
        0.15000000000000002,
        0.0
    ],
    "4": [
        0.2,
        0.0
    ],
    "5": [
        0.15000000000000002,
        0.1
    ],
    "6": [
        0.05,
        0.1
    ],
    "7": [
        0.0,
        0.1
    ],
    "8": [
        0.2,
        0.1
    ],
    "9": [
        0.10000000000000002,
        0.0
    ]
}