{
    "0": [
        0.0,
        0.0
    ],
    "1": [
        0.1111111111111111,
        0.1
    ],
    "2": [
        0.1111111111111111,
        0.2111111111111111
    ],
    "3": [
        0.0,
        0.1
    ],
    "4": [
        0.2222222222222222,
        0.2111111111111111
    ],
    "5": [
        0.0,
        0.2111111111111111
    ],
    "6": [
        0.2222222222222222,
        0.0
    ],
    "7": [
        0.1111111111111111,
        0.0
    ],
    "8": [
        0.3333333333333333,
        0.2111111111111111
    ],
    "9": [
        0.1111111111111111,
        0.43333333333333335
    ],
    "10": [
        0.2222222222222222,
        0.1
    ],
    "11": [
        0.3333333333333333,
        0.0
    ],
    "12": [
        0.1111111111111111,
        0.3222222222222222
    ],
    "13": [
        0.0,
        0.3222222222222222
    ],
    "14": [
        0.0,
        0.43333333333333335
    ],
    "15": [
        0.3333333333333333,
        0.1
    ],
    "16": [
        0.2222222222222222,
        0.5444444444444445
    ],
    "17": [
        0.2222222222222222,
        0.43333333333333335
    ],
    "18": [
        0.3333333333333333,
        0.3222222222222222
    ],
    "19": [
        0.2222222222222222,
        0.3222222222222222
    ],
    "20": [
        0.1111111111111111,
        0.5444444444444445
    ],
    "21": [
        0.0,
        0.5444444444444445
    ],
    "22": [
        0.3333333333333333,
        0.5444444444444445
    ],
    "23": [
        0.1111111111111111,
        0.6555555555555554
    ],
    "24": [
        0.4444444444444445,
        0.2111111111111111
    ],
    "25": [
        0.1111111111111111,
        0.7666666666666666
    ],
    "26": [
        0.4444444444444445,
        0.3222222222222222
    ],
    "27": [
        0.3333333333333333,
        0.43333333333333335
    ],
    "28": [
        0.5555555555555556,
        0.1
    ],
    "29": [
        0.4444444444444445,
        0.1
    ],
    "30": [
        0.6666666666666665,
        0.1
    ],
    "31": [
        0.4444444444444445,
        0.43333333333333335
    ],
    "32": [
        0.6666666666666665,
        0.43333333333333335
    ],
    "33": [
        0.2222222222222222,
        0.6555555555555554
    ],
    "34": [
        0.5555555555555556,
        0.2111111111111111
    ],
    "35": [
        0.5555555555555556,
        0.3222222222222222
    ],
    "36": [
        0.5555555555555556,
        0.43333333333333335
    ],
    "37": [
        0.4444444444444445,
        0.5444444444444445
    ],
    "38": [
        0.6666666666666665,
        0.3222222222222222
    ],
    "39": [
        0.4444444444444445,
        0.0
    ],
    "40": [
        0.0,
        0.6555555555555554
    ],
    "41": [
        0.2222222222222222,
        0.7666666666666666
    ],
    "42": [
        0.3333333333333333,
        0.6555555555555554
    ],
    "43": [
        0.5555555555555556,
        0.5444444444444445
    ],
    "44": [
        0.5555555555555556,
        0.0
    ],
    "45": [
        0.6666666666666665,
        0.5444444444444445
    ],
    "46": [
        0.6666666666666665,
        0.0
    ],
    "47": [
        0.8888888888888888,
        0.43333333333333335
    ],
    "48": [
        0.4444444444444445,
        0.6555555555555554
    ],
    "49": [
        0.8888888888888888,
        0.5444444444444445
    ],
    "50": [
        0.7777777777777777,
        0.3222222222222222
    ],
    "51": [
        1.0,
        0.43333333333333335
    ],
    "52": [
        0.3333333333333333,
        0.7666666666666666
    ],
    "53": [
        0.8888888888888888,
        0.2111111111111111
    ],
    "54": [
        0.7777777777777777,
        0.43333333333333335
    ],
    "55": [
        1.0,
        0.5444444444444445
    ],
    "56": [
        0.7777777777777777,
        0.2111111111111111
    ],
    "57": [
        0.2222222222222222,
        0.8777777777777778
    ],
    "58": [
        0.8888888888888888,
        0.3222222222222222
    ],
    "59": [
        0.7777777777777777,
        0.7666666666666666
    ],
    "60": [
        0.7777777777777777,
        0.1
    ],
    "61": [
        0.0,
        0.7666666666666666
    ],
    "62": [
        0.3333333333333333,
        0.8777777777777778
    ],
    "63": [
        0.7777777777777777,
        0.5444444444444445
    ],
    "64": [
        0.8888888888888888,
        0.1
    ],
    "65": [
        0.4444444444444445,
        0.8777777777777778
    ],
    "66": [
        0.4444444444444445,
        0.7666666666666666
    ],
    "67": [
        0.0,
        0.8777777777777778
    ],
    "68": [
        0.3333333333333333,
        0.9888888888888889
    ],
    "69": [
        0.6666666666666665,
        0.2111111111111111
    ],
    "70": [
        0.8888888888888888,
        0.7666666666666666
    ],
    "71": [
        0.8888888888888888,
        0.0
    ],
    "72": [
        0.5555555555555556,
        0.6555555555555554
    ],
    "73": [
        1.0,
        0.1
    ],
    "74": [
        0.7777777777777777,
        0.0
    ],
    "75": [
        1.0,
        0.2111111111111111
    ],
    "76": [
        1.0,
        0.0
    ],
    "77": [
        0.6666666666666665,
        0.6555555555555554
    ],
    "78": [
        0.6666666666666665,
        0.7666666666666666
    ],
    "79": [
        0.5555555555555556,
        0.8777777777777778
    ],
    "80": [
        0.2222222222222222,
        0.9888888888888889
    ],
    "81": [
        1.0,
        0.6555555555555554
    ],
    "82": [
        0.7777777777777777,
        0.8777777777777778
    ],
    "83": [
        0.5555555555555556,
        0.7666666666666666
    ],
    "84": [
        0.5555555555555556,
        0.9888888888888889
    ],
    "85": [
        0.6666666666666665,
        0.8777777777777778
    ],
    "86": [
        0.1111111111111111,
        0.8777777777777778
    ],
    "87": [
        0.7777777777777777,
        0.6555555555555554
    ],
    "88": [
        0.6666666666666665,
        0.9888888888888889
    ],
    "89": [
        0.0,
        0.9888888888888889
    ],
    "90": [
        1.0,
        0.3222222222222222
    ],
    "91": [
        0.8888888888888888,
        0.6555555555555554
    ],
    "92": [
        0.7777777777777777,
        0.9888888888888889
    ],
    "93": [
        1.0,
        0.7666666666666666
    ],
    "94": [
        0.8888888888888888,
        0.9888888888888889
    ],
    "95": [
        0.8888888888888888,
        0.8777777777777778
    ],
    "96": [
        0.4444444444444445,
        0.9888888888888889
    ],
    "97": [
        1.0,
        0.8777777777777778
    ],
    "98": [
        1.0,
        0.9888888888888889
    ],
    "99": [
        0.1111111111111111,
        0.9888888888888889
    ]
}