{
    "0": [
        0.25,
        0
    ],
    "1": [
        0.0,
        0.09999999999999998
    ],
    "2": [
        0.125,
        0.09999999999999998
    ],
    "3": [
        0.125,
        0.0
    ],
    "4": [
        0.0,
        0.0
    ],
    "5": [
        0.25,
        0.09999999999999998
    ],
    "6": [
        0.375,
        0.09999999999999998
    ],
    "7": [
        0.375,
        0.0
    ],
    "8": [
        0.5,
        0.0
    ],
    "9": [
        0.5,
        0.09999999999999998
    ]
}