{
    "0": [
        0.0,
        0.0
    ],
    "1": [
        0.05555555555555555,
        0.1
    ],
    "2": [
        0.0,
        0.1
    ],
    "3": [
        0.1111111111111111,
        0.1
    ],
    "4": [
        0.16666666666666666,
        0.0
    ],
    "5": [
        0.1111111111111111,
        0.0
    ],
    "6": [
        0.22222222222222224,
        0.0
    ],
    "7": [
        0.05555555555555555,
        0.225
    ],
    "8": [
        0.05555555555555555,
        0.0
    ],
    "9": [
        0.16666666666666666,
        0.225
    ],
    "10": [
        0.22222222222222224,
        0.1
    ],
    "11": [
        0.16666666666666666,
        0.35
    ],
    "12": [
        0.4444444444444444,
        0.1
    ],
    "13": [
        0.0,
        0.35
    ],
    "14": [
        0.05555555555555555,
        0.35
    ],
    "15": [
        0.33333333333333326,
        0.0
    ],
    "16": [
        0.0,
        0.225
    ],
    "17": [
        0.2777777777777778,
        0.0
    ],
    "18": [
        0.2777777777777778,
        0.1
    ],
    "19": [
        0.2777777777777778,
        0.225
    ],
    "20": [
        0.22222222222222224,
        0.225
    ],
    "21": [
        0.38888888888888884,
        0.1
    ],
    "22": [
        0.33333333333333326,
        0.225
    ],
    "23": [
        0.5,
        0.1
    ],
    "24": [
        0.4444444444444444,
        0.225
    ],
    "25": [
        0.33333333333333326,
        0.1
    ],
    "26": [
        0.22222222222222224,
        0.35
    ],
    "27": [
        0.1111111111111111,
        0.35
    ],
    "28": [
        0.38888888888888884,
        0.0
    ],
    "29": [
        0.5,
        0.225
    ],
    "30": [
        0.2777777777777778,
        0.35
    ],
    "31": [
        0.1111111111111111,
        0.225
    ],
    "32": [
        0.33333333333333326,
        0.35
    ],
    "33": [
        0.22222222222222224,
        0.475
    ],
    "34": [
        0.5,
        0.35
    ],
    "35": [
        0.33333333333333326,
        0.475
    ],
    "36": [
        0.4444444444444444,
        0.475
    ],
    "37": [
        0.0,
        0.475
    ],
    "38": [
        0.4444444444444444,
        0.35
    ],
    "39": [
        0.38888888888888884,
        0.225
    ],
    "40": [
        0.16666666666666666,
        0.1
    ],
    "41": [
        0.2777777777777778,
        0.475
    ],
    "42": [
        0.38888888888888884,
        0.35
    ],
    "43": [
        0.4444444444444444,
        0.0
    ],
    "44": [
        0.1111111111111111,
        0.475
    ],
    "45": [
        0.5,
        0.475
    ],
    "46": [
        0.5,
        0.0
    ],
    "47": [
        0.05555555555555555,
        0.475
    ],
    "48": [
        0.38888888888888884,
        0.475
    ],
    "49": [
        0.16666666666666666,
        0.475
    ]
}