{
    "0": [
        0.9473684210526315,
        0.7666666666666667
    ],
    "1": [
        0.7368421052631579,
        0.9888888888888889
    ],
    "2": [
        0.8421052631578947,
        0.9888888888888889
    ],
    "3": [
        0.7368421052631579,
        0.7666666666666667
    ],
    "4": [
        0.8421052631578947,
        0.7666666666666667
    ],
    "5": [
        0.7368421052631579,
        0.5444444444444444
    ],
    "6": [
        0.9473684210526315,
        0.5444444444444444
    ],
    "7": [
        0.631578947368421,
        0.9888888888888889
    ],
    "8": [
        0.8421052631578947,
        1.2111111111111108
    ],
    "9": [
        0.9473684210526315,
        1.2111111111111108
    ],
    "10": [
        1.0526315789473686,
        0.9888888888888889
    ],
    "11": [
        0.5263157894736842,
        0.7666666666666667
    ],
    "12": [
        0.7368421052631579,
        1.2111111111111108
    ],
    "13": [
        0.9473684210526315,
        0.9888888888888889
    ],
    "14": [
        1.0526315789473686,
        0.5444444444444444
    ],
    "15": [
        0.631578947368421,
        1.2111111111111108
    ],
    "16": [
        1.0526315789473686,
        0.7666666666666667
    ],
    "17": [
        0.9473684210526315,
        1.4333333333333331
    ],
    "18": [
        0.5263157894736842,
        1.2111111111111108
    ],
    "19": [
        0.5263157894736842,
        0.9888888888888889
    ],
    "20": [
        1.1578947368421053,
        0.5444444444444444
    ],
    "21": [
        0.8421052631578947,
        0.5444444444444444
    ],
    "22": [
        0.631578947368421,
        0.5444444444444444
    ],
    "23": [
        1.1578947368421053,
        0.9888888888888889
    ],
    "24": [
        1.263157894736842,
        0.5444444444444444
    ],
    "25": [
        1.263157894736842,
        0.7666666666666667
    ],
    "26": [
        1.1578947368421053,
        0.7666666666666667
    ],
    "27": [
        0.631578947368421,
        0.7666666666666667
    ],
    "28": [
        1.0526315789473686,
        0.3222222222222222
    ],
    "29": [
        0.42105263157894735,
        0.7666666666666667
    ],
    "30": [
        0.42105263157894735,
        1.2111111111111108
    ],
    "31": [
        0.42105263157894735,
        0.9888888888888889
    ],
    "32": [
        0.3157894736842105,
        1.2111111111111108
    ],
    "33": [
        0.3157894736842105,
        0.9888888888888889
    ],
    "34": [
        1.3684210526315788,
        0.5444444444444444
    ],
    "35": [
        0.8421052631578947,
        0.3222222222222222
    ],
    "36": [
        0.7368421052631579,
        0.3222222222222222
    ],
    "37": [
        0.9473684210526315,
        0.3222222222222222
    ],
    "38": [
        1.1578947368421053,
        1.2111111111111108
    ],
    "39": [
        0.21052631578947367,
        0.7666666666666667
    ],
    "40": [
        0.5263157894736842,
        0.5444444444444444
    ],
    "41": [
        0.3157894736842105,
        0.7666666666666667
    ],
    "42": [
        0.21052631578947367,
        0.9888888888888889
    ],
    "43": [
        0.10526315789473684,
        0.9888888888888889
    ],
    "44": [
        0.42105263157894735,
        0.5444444444444444
    ],
    "45": [
        0.8421052631578947,
        1.4333333333333331
    ],
    "46": [
        0.7368421052631579,
        1.4333333333333331
    ],
    "47": [
        1.0526315789473686,
        1.2111111111111108
    ],
    "48": [
        1.0526315789473686,
        1.4333333333333331
    ],
    "49": [
        1.3684210526315788,
        0.9888888888888889
    ],
    "50": [
        1.3684210526315788,
        0.7666666666666667
    ],
    "51": [
        1.473684210526316,
        0.9888888888888889
    ],
    "52": [
        1.5789473684210527,
        0.9888888888888889
    ],
    "53": [
        1.473684210526316,
        0.5444444444444444
    ],
    "54": [
        1.263157894736842,
        0.9888888888888889
    ],
    "55": [
        0.5263157894736842,
        0.3222222222222222
    ],
    "56": [
        0.21052631578947367,
        1.2111111111111108
    ],
    "57": [
        0.10526315789473684,
        0.7666666666666667
    ],
    "58": [
        1.263157894736842,
        0.3222222222222222
    ],
    "59": [
        0.631578947368421,
        1.4333333333333331
    ],
    "60": [
        1.1578947368421053,
        0.3222222222222222
    ],
    "61": [
        0.0,
        0.9888888888888889
    ],
    "62": [
        0.3157894736842105,
        0.5444444444444444
    ],
    "63": [
        0.5263157894736842,
        1.4333333333333331
    ],
    "64": [
        0.10526315789473684,
        1.2111111111111108
    ],
    "65": [
        0.631578947368421,
        0.3222222222222222
    ],
    "66": [
        1.5789473684210527,
        0.5444444444444444
    ],
    "67": [
        1.473684210526316,
        0.7666666666666667
    ],
    "68": [
        0.42105263157894735,
        1.4333333333333331
    ],
    "69": [
        0.42105263157894735,
        0.3222222222222222
    ],
    "70": [
        0.0,
        0.7666666666666667
    ],
    "71": [
        0.3157894736842105,
        1.4333333333333331
    ],
    "72": [
        1.6842105263157894,
        0.7666666666666667
    ],
    "73": [
        1.263157894736842,
        1.2111111111111108
    ],
    "74": [
        1.0526315789473686,
        0.1
    ],
    "75": [
        1.1578947368421053,
        1.4333333333333331
    ],
    "76": [
        1.6842105263157894,
        0.9888888888888889
    ],
    "77": [
        1.3684210526315788,
        1.2111111111111108
    ],
    "78": [
        1.3684210526315788,
        0.3222222222222222
    ],
    "79": [
        0.0,
        1.2111111111111108
    ],
    "80": [
        1.3684210526315788,
        1.4333333333333331
    ],
    "81": [
        1.263157894736842,
        0.1
    ],
    "82": [
        1.5789473684210527,
        0.7666666666666667
    ],
    "83": [
        1.5789473684210527,
        1.2111111111111108
    ],
    "84": [
        1.473684210526316,
        0.3222222222222222
    ],
    "85": [
        0.21052631578947367,
        0.3222222222222222
    ],
    "86": [
        1.3684210526315788,
        0.1
    ],
    "87": [
        1.473684210526316,
        1.2111111111111108
    ],
    "88": [
        1.263157894736842,
        1.4333333333333331
    ],
    "89": [
        0.10526315789473684,
        1.4333333333333331
    ],
    "90": [
        0.10526315789473684,
        0.5444444444444444
    ],
    "91": [
        1.6842105263157894,
        1.2111111111111108
    ],
    "92": [
        1.789473684210526,
        0.9888888888888889
    ],
    "93": [
        0.631578947368421,
        1.6555555555555554
    ],
    "94": [
        1.473684210526316,
        1.4333333333333331
    ],
    "95": [
        1.6842105263157894,
        0.5444444444444444
    ],
    "96": [
        1.5789473684210527,
        0.3222222222222222
    ],
    "97": [
        1.1578947368421053,
        1.6555555555555554
    ],
    "98": [
        1.473684210526316,
        0.1
    ],
    "99": [
        1.0526315789473686,
        0.0
    ],
    "100": [
        1.5789473684210527,
        1.4333333333333331
    ],
    "101": [
        0.9473684210526315,
        1.6555555555555554
    ],
    "102": [
        0.21052631578947367,
        1.4333333333333331
    ],
    "103": [
        0.8421052631578947,
        1.6555555555555554
    ],
    "104": [
        0.7368421052631579,
        1.6555555555555554
    ],
    "105": [
        0.3157894736842105,
        0.3222222222222222
    ],
    "106": [
        1.263157894736842,
        1.6555555555555554
    ],
    "107": [
        1.1578947368421053,
        0.1
    ],
    "108": [
        0.42105263157894735,
        0.1
    ],
    "109": [
        0.3157894736842105,
        1.6555555555555554
    ],