{
    "0": [
        0.4444444444444445,
        0.5
    ],
    "1": [
        0.5555555555555556,
        0.5
    ],
    "2": [
        0.7777777777777777,
        0.5
    ],
    "3": [
        0.6666666666666665,
        0.5
    ],
    "4": [
        0.5555555555555556,
        0.75
    ],
    "5": [
        0.5555555555555556,
        0.25
    ],
    "6": [
        0.7777777777777777,
        0.75
    ],
    "7": [
        0.4444444444444445,
        0.75
    ],
    "8": [
        0.6666666666666665,
        0.25
    ],
    "9": [
        0.3333333333333333,
        0.5
    ],
    "10": [
        0.4444444444444445,
        0.25
    ],
    "11": [
        0.7777777777777777,
        0.25
    ],
    "12": [
        0.3333333333333333,
        0.25
    ],
    "13": [
        0.2222222222222222,
        0.5
    ],
    "14": [
        0.3333333333333333,
        0.75
    ],
    "15": [
        0.1111111111111111,
        0.5
    ],
    "16": [
        0.6666666666666665,
        0.75
    ],
    "17": [
        0.2222222222222222,
        0.75
    ],
    "18": [
        0.8888888888888888,
        0.5
    ],
    "19": [
        0.0,
        0.5
    ],
    "20": [
        0.1111111111111111,
        0.75
    ],
    "21": [
        0.1111111111111111,
        0.25
    ],
    "22": [
        0.8888888888888888,
        0.75
    ],
    "23": [
        0.2222222222222222,
        0.25
    ],
    "24": [
        0.4444444444444445,
        1.0
    ],
    "25": [
        0.0,
        0.25
    ],
    "26": [
        0.8888888888888888,
        1.0
    ],
    "27": [
        1.0,
        0.25
    ],
    "28": [
        0.0,
        0.75
    ],
    "29": [
        0.3333333333333333,
        0.0
    ],
    "30": [
        0.2222222222222222,
        1.0
    ],
    "31": [
        0.7777777777777777,
        0.0
    ],
    "32": [
        0.8888888888888888,
        0.25
    ],
    "33": [
        1.0,
        0.75
    ],
    "34": [
        0.5555555555555556,
        0.0
    ],
    "35": [
        0.4444444444444445,
        0.0
    ],
    "36": [
        0.3333333333333333,
        1.0
    ],
    "37": [
        1.0,
        0.5
    ],
    "38": [
        0.6666666666666665,
        1.0
    ],
    "39": [
        0.1111111111111111,
        0.0
    ],
    "40": [
        0.8888888888888888,
        0.0
    ],
    "41": [
        0.7777777777777777,
        1.0
    ],
    "42": [
        1.0,
        1.0
    ],
    "43": [
        0.5555555555555556,
        1.0
    ],
    "44": [
        0.2222222222222222,
        0.0
    ],
    "45": [
        0.6666666666666665,
        0.0
    ],
    "46": [
        0.1111111111111111,
        1.0
    ],
    "47": [
        0.0,
        1.0
    ],
    "48": [
        0.0,
        0.0
    ],
    "49": [
        1.0,
        0.0
    ]
}