{
    "0": [
        0,
        0
    ],
    "1": [
        0.07762007855965858,
        0.1291059906969283
    ],
    "2": [
        0.14709399231281184,
        0.034279657999246815
    ],
    "3": [
        0.06062136077823932,
        0.05376483111632813
    ],
    "4": [
        0.08938530443584236,
        0.04599892457970611
    ],
    "5": [
        0.0927243142990648,
        0.06870919044078372
    ],
    "6": [
        0.1423983245252367,
        0.26949904404945024
    ],
    "7": [
        0.10192261464569108,
        0.05955531952018611
    ],
    "8": [
        0.3127642023005699,
        0.023459647546425044
    ],
    "9": [
        0.011719298219186491,
        0.10750540534347142
    ],
    "10": [
        0.14086576953388086,
        0.14699450976343553
    ],
    "11": [
        0.0558452416290951,
        0.226659942078121
    ],
    "12": [
        0.27287732012020904,
        0.09557917286100914
    ],
    "13": [
        0.3524212362629797,
        0.36820754651429843
    ],
    "14": [
        0.17194682046586207,
        0.14011605736233634
    ],
    "15": [
        0.29882164402832356,
        0.3277117332717643
    ],
    "16": [
        0.17548278504417358,
        0.1635507767905584
    ],
    "17": [
        0.18185469442067626,
        0.1907841219771904
    ],
    "18": [
        0.15878675314540036,
        0.03145983399762242
    ],
    "19": [
        0.02789120878195228,
        0.13091206047683146
    ],
    "20": [
        0.2855330785640604,
        0.002631771682846562
    ],
    "21": [
        0.38955512449736296,
        0.19533935364706312
    ],
    "22": [
        0.22928386911820264,
        0.3420280453309701
    ],
    "23": [
        0.11707000469877737,
        0.22750270083150603
    ],
    "24": [
        0.16461631553763123,
        0.3311017889290748
    ],
    "25": [
        0.114662391186096,
        0.33228545021587896
    ],
    "26": [
        0.25961295778096294,
        0.11112168813870049
    ],
    "27": [
        0.17951136916158927,
        0.33700120376424625
    ],
    "28": [
        0.1376509000609225,
        0.03581853076708552
    ],
    "29": [
        0.41712112011226155,
        0.05355041845175457
    ],
    "30": [
        0.3566944356282953,
        0.14838284987795314
    ],
    "31": [
        0.024858741322290046,
        0.09285958224558333
    ],
    "32": [
        0.09694006117221088,
        0.3710905412425296
    ],
    "33": [
        0.21089016798556592,
        0.48959306175750417
    ],
    "34": [
        0.006818694822143367,
        0.2758039915568349
    ],
    "35": [
        0.4152651696168823,
        0.18217051886634938
    ],
    "36": [
        0.18309608259129528,
        0.08204782116350362
    ],
    "37": [
        0.08108059048034888,
        0.055447639876883725
    ],
    "38": [
        0.19650412535467154,
        0.05139847539639475
    ],
    "39": [
        0.33994613873689117,
        0.2895588879143163
    ],
    "40": [
        0.32014545685756923,
        0.2873768202934477
    ],
    "41": [
        0.49676957882788453,
        0.34318259234682147
    ],
    "42": [
        0.5339400482482486,
        0.3153823548833319
    ],
    "43": [
        0.4379656031047261,
        0.08038691708837575
    ],
    "44": [
        0.3412717001556378,
        0.3274735998402849
    ],
    "45": [
        0.5411399263087548,
        0.06489033791400556
    ],
    "46": [
        0.05318936953290909,
        0.3747737926135788
    ],
    "47": [
        0.0522094451830315,
        0.3610933280710853
    ],
    "48": [
        0.09410375125079984,
        0.1678622411879067
    ],
    "49": [
        0.23933393035004435,
        0.12156161585105663
    ],
    "50": [
        0.27914658788676294,
        0.26960479747732125
    ],
    "51": [
        0.5382928946894103,
        0.07764210695249019
    ],
    "52": [
        0.49720228047702597,
        0.22687529572835974
    ],
    "53": [
        0.5202130505176459,
        0.3624948686579268
    ],
    "54": [
        0.16826820278914623,
        0.1324788748549337
    ],
    "55": [
        0.05491002912031995,
        0.0744372881243065
    ],
    "56": [
        0.19003702089044516,
        0.12128937587803645
    ],
    "57": [
        0.32677236143065436,
        0.16387834620233988
    ],
    "58": [
        0.44126718861578684,
        0.3415991809935519
    ],
    "59": [
        0.10056126748389804,
        0.29881344346361405
    ],
    "60": [
        0.04096438361067012,
        0.014796665878183068
    ],
    "61": [
        0.23264303544612863,
        0.36113139191813715
    ],
    "62": [
        0.10041921503451645,
        0.10231748787456918
    ],
    "63": [
        0.47535180622340545,
        0.09190983288917165
    ],
    "64": [
        0.36031795821080737,
        0.14679014728165307
    ],
    "65": [
        0.046732199967134846,
        0.17733182500171285
    ],
    "66": [
        0.6521649978340924,
        0.4388479043377591
    ],
    "67": [
        0.03374175217065978,
        0.21790232005530163
    ],
    "68": [
        0.60290873680402,
        0.014853177068145484
    ],
    "69": [
        0.15054687370766562,
        0.39795055227319476
    ],
    "70": [
        0.3436770928160464,
        0.17332225189877226
    ],
    "71": [
        0.3064836288014252,
        0.5066738952256518
    ],
    "72": [
        0.12416215240369621,
        0.29519535754747994
    ],
    "73": [
        0.03268281963928743,
        0.3532996745357544
    ],
    "74": [
        0.5818710499295392,
        0.198747933931684
    ],
    "75": [
        0.5775793844785284,
        0.1774700506123621
    ],
    "76": [
        0.06558694005887666,
        0.07555806571605084
    ],
    "77": [
        0.19105602314969472,
        0.2564488677372516
    ],
    "78": [
        0.6414143260669192,
        0.33458600287763707
    ],
    "79": [
        0.1272044371170813,
        0.13545656912792703
    ],
    "80": [
        0.33549278699641816,
        0.4470892570624867
    ],
    "81": [
        0.6385740318320849,
        0.3666496439245688
    ],
    "82": [
        0.7218650024063307,
        0.20707017818025175
    ],
    "83": [
        0.4162333244332226,
        0.09501787460420652
    ],
    "84": [
        0.23130741980372704,
        0.6372356123177598
    ],
    "85": [
        0.1282163194153989,
        0.627340335374758
    ],
    "86": [
        0.6997142003861041,
        0.3573012371468709
    ],
    "87": [
        0.2989376232565597,
        0.06564092449713721
    ],
    "88": [
        0.5840447629039687,
        0.07244094692117553
    ],
    "89": [
        0.9056720814269641,
        0.276315722805178
    ],
    "90": [
        0.4390119193330113,
        0.24998657123066792
    ],
    "91": [
        0.5507617403680689,
        0.5571628440464884
    ],
    "92": [
        0.11366324831797558,
        0.3626846246632738
    ],
    "93": [
        0.4248520457054412,
        0.5250903959611566
    ],
    "94": [
        0.19646811795186503,
        0.007435514173750324
    ],
    "95": [
        0.07606773943132494,
        0.17881907642868944
    ],
    "96": [
        0.5963084173455384,
        0.02838240440707307
    ],
    "97": [
        0.2293581743738935,
        0.6343006890767229
    ],
    "98": [
        0.13011198090032083,
        0.1666134820472298
    ],
    "99": [
        0.7118623594141815,
        0.4129584523595651
    ]
}