{
    "0": [
        1,
        1
    ],
    "1": [
        0.7910695688356062,
        1.3136703866181505
    ],
    "2": [
        0.7618562543561802,
        1.2271379696559195
    ],
    "3": [
        0.7779427552000944,
        1.1459002503559421
    ],
    "4": [
        0.7888516357297559,
        0.9338530668819149
    ],
    "5": [
        0.8946080223502222,
        1.1972807756512676
    ],
    "6": [
        0.7405150475299038,
        1.2506810480603137
    ],
    "7": [
        0.7445881886962247,
        1.182204148186132
    ],
    "8": [
        0.823497604787879,
        1.1753145597038583
    ],
    "9": [
        0.5532614168850765,
        1.0266364550362423
    ],
    "10": [
        0.7746358106075031,
        1.184349823918783
    ],
    "11": [
        0.7702550809707303,
        0.8715147042477238
    ],
    "12": [
        0.7070465115979638,
        0.9458952250371881
    ],
    "13": [
        0.6351716277454136,
        1.1103592527673787
    ],
    "14": [
        0.7745822006878218,
        1.184914460537084
    ],
    "15": [
        1.002535131165113,
        1.0648348602934827
    ],
    "16": [
        0.6695904950848128,
        0.957321019676501
    ],
    "17": [
        0.5603838854093415,
        1.0360974864632697
    ],
    "18": [
        0.6089035733293755,
        1.0976917106179345
    ],
    "19": [
        0.47862861335466134,
        1.3130546208195857
    ],
    "20": [
        0.8557713955564266,
        1.2052917645117462
    ],
    "21": [
        0.5791966701674391,
        1.2788361109362223
    ],
    "22": [
        0.5487659367311428,
        0.8462475061571904
    ],
    "23": [
        0.5415025126146511,
        0.8473996079956603
    ],
    "24": [
        0.8047051764891608,
        0.9999661433321545
    ],
    "25": [
        0.776551100404032,
        1.2554684795767685
    ],
    "26": [
        0.9137517702601379,
        1.3422417176152157
    ],
    "27": [
        0.6676673204518564,
        1.0826192440417932
    ],
    "28": [
        0.7402854216243884,
        0.889814094253091
    ],
    "29": [
        0.8398536117827582,
        1.248443221967451
    ],
    "30": [
        0.8047692875808259,
        1.0187031173988725
    ],
    "31": [
        0.7358687874358358,
        1.1214013211984926
    ],
    "32": [
        0.8685435622740967,
        1.0775027487972746
    ],
    "33": [
        0.7254224243359109,
        0.7719975493263891
    ],
    "34": [
        0.5670941072726807,
        1.3022554406428652
    ],
    "35": [
        0.9626922264809779,
        1.337856771444602
    ],
    "36": [
        0.634060844811916,
        1.2777779195111103
    ],
    "37": [
        1.0258774452349726,
        1.2272940813780926
    ],
    "38": [
        0.8760012688655123,
        0.7000014777522985
    ],
    "39": [
        0.6631272608729859,
        1.0702930889635727
    ],
    "40": [
        0.6729892984210282,
        1.0849943817695662
    ],
    "41": [
        0.8317181525381792,
        0.757156459278788
    ],
    "42": [
        0.9697696144797257,
        1.1464276984074875
    ],
    "43": [
        0.7486577240495134,
        1.3836607740053926
    ],
    "44": [
        0.8473534857731999,
        0.7228531162299912
    ],
    "45": [
        0.5694797038427575,
        1.3590728377146017
    ],
    "46": [
        1.152641672375157,
        1.223336393204869
    ],
    "47": [
        1.097193998539786,
        1.0268878521030358
    ],
    "48": [
        1.0049044895395434,
        0.9865702336558122
    ],
    "49": [
        0.8159652497916823,
        1.397696498543485
    ],
    "50": [
        0.822166262652559,
        0.6398205505771666
    ],
    "51": [
        0.9274712209560474,
        1.022459404005613
    ],
    "52": [
        0.9361834607486488,
        1.045561364602289
    ],
    "53": [
        0.6337870243391655,
        1.4305692657051667
    ],
    "54": [
        1.0564439396096377,
        1.43182505773835
    ],
    "55": [
        1.0453303660787645,
        0.907992608977708
    ],
    "56": [
        0.502706873844444,
        1.262708875083785
    ],
    "57": [
        0.556043020914945,
        0.9635703822278399
    ],
    "58": [
        1.165296177236918,
        0.9590460342951115
    ],
    "59": [
        1.0331970892370326,
        0.864489362451045
    ],
    "60": [
        0.5286904812638624,
        0.7518943717336823
    ],
    "61": [
        0.4361250802257979,
        1.0612228649257545
    ],
    "62": [
        0.783724841861368,
        1.3557786492514747
    ],
    "63": [
        0.9791986944476405,
        1.452316752714526
    ],
    "64": [
        0.976301097770351,
        0.8091361989051689
    ],
    "65": [
        1.0315000114641986,
        0.6489083140986394
    ],
    "66": [
        0.6317819210495337,
        0.9385365737558116
    ],
    "67": [
        0.9679050488287115,
        0.7168868805176816
    ],
    "68": [
        0.5817860490542763,
        1.501962008799047
    ],
    "69": [
        0.5476217531994145,
        1.2962118078662141
    ],
    "70": [
        0.8776590874478296,
        1.0881888520549283
    ],
    "71": [
        0.6753297137156482,
        0.8705744166331397
    ],
    "72": [
        1.1766299972672338,
        1.1757951640277085
    ],
    "73": [
        1.022729049943321,
        1.3291024589692069
    ],
    "74": [
        1.0741441082768537,
        1.109287732661666
    ],
    "75": [
        0.949061573114274,
        1.4752315851829882
    ],
    "76": [
        1.109126201963392,
        1.1048145200965234
    ],
    "77": [
        1.0169730378141009,
        1.2494909394448301
    ],
    "78": [
        1.1650614873119087,
        1.241618369746992
    ],
    "79": [
        0.4369257226219052,
        1.0881094766762927
    ],
    "80": [
        0.43009174331949396,
        0.8056645428528788
    ],
    "81": [
        0.6714106529615005,
        1.2942839157058958
    ],
    "82": [
        0.615077652698661,
        0.8756417486607018
    ],
    "83": [
        0.8306886372391327,
        0.7938718563422471
    ],
    "84": [
        0.3905444354843539,
        1.1275808394133555
    ],
    "85": [
        0.35811864347285716,
        0.9979332842657329
    ],
    "86": [
        0.6799314067921933,
        0.9857077737500162
    ],
    "87": [
        0.8459198215638297,
        1.1337056241522732
    ],
    "88": [
        1.0576600971143475,
        1.1372157122911746
    ],
    "89": [
        0.728552753275737,
        1.0226569294679102
    ],
    "90": [
        1.0379788027407053,
        0.9046944054029993
    ],
    "91": [
        0.6577396928868722,
        1.256290476764559
    ],
    "92": [
        0.6427021637637484,
        1.3475333865648358
    ],
    "93": [
        0.9297307703735247,
        1.3352144735383167
    ],
    "94": [
        1.0790490518616016,
        0.9934755451474149
    ],
    "95": [
        0.8583006835392128,
        1.2414909230196713
    ],
    "96": [
        1.0207616984338015,
        0.798642463887854
    ],
    "97": [
        0.36946025568385155,
        1.4254270985219686
    ],
    "98": [
        1.2944636527504116,
        1.1251542686757836
    ],
    "99": [
        0.5190346547215576,
        1.0002974158296318
    ]
}